{"cameraMode":{"drawMode":0,"name":"Shaded","section":"Shading Mode"},"sceneLighting":true,"audioPlay":false,"sceneViewState":{"showFog":true,"showMaterialUpdate":false,"showSkybox":true,"showFlares":true,"showImageEffects":true,"showParticleSystems":true},"in2DMode":false,"pivot":{"x":2.7709083557128908,"y":4.378793716430664,"z":1.9704391956329346},"rotation":{"x":-0.13356103003025056,"y":0.7516379952430725,"z":-0.16044919192790986,"w":-0.6256773471832275},"size":15.835378646850586,"orthographic":false}